{"cameraMode":{"drawMode":0,"name":"Shaded","section":"Shading Mode"},"sceneLighting":true,"audioPlay":false,"sceneViewState":{"m_AlwaysRefresh":false,"showFog":true,"showSkybox":true,"showFlares":true,"showImageEffects":true,"showParticleSystems":true,"showVisualEffectGraphs":true,"m_FxEnabled":true},"in2DMode":false,"pivot":{"x":-1167.8057861328125,"y":710.825439453125,"z":698.7717895507813},"rotation":{"x":0.058798935264348987,"y":0.13763520121574403,"z":-0.008179215714335442,"w":0.9887180924415588},"size":815.8851318359375,"orthographic":false}