{"cameraMode":{"drawMode":0,"name":"Shaded","section":"Shading Mode"},"sceneLighting":true,"audioPlay":false,"sceneViewState":{"m_AlwaysRefresh":false,"showFog":true,"showSkybox":true,"showFlares":true,"showImageEffects":true,"showParticleSystems":true,"showVisualEffectGraphs":true,"m_FxEnabled":true},"in2DMode":false,"pivot":{"x":0.7840323448181152,"y":0.29275035858154299,"z":-4.081531524658203},"rotation":{"x":0.09399540722370148,"y":0.891472578048706,"z":-0.21674124896526338,"w":0.38660821318626406},"size":3.309495687484741,"orthographic":true}