{"cameraMode":{"drawMode":0,"name":"Shaded","section":"Shading Mode"},"sceneLighting":true,"audioPlay":false,"sceneViewState":{"m_AlwaysRefresh":false,"showFog":true,"showSkybox":true,"showFlares":true,"showImageEffects":true,"showParticleSystems":true,"showVisualEffectGraphs":true,"m_FxEnabled":true},"in2DMode":false,"pivot":{"x":-1.447902798652649,"y":-395.10687255859377,"z":0.8232488632202148},"rotation":{"x":-0.7081888318061829,"y":0.0024938250426203014,"z":-0.0025842483155429365,"w":-0.7060655951499939},"size":484.8106994628906,"orthographic":false}