{"cameraMode":{"drawMode":0,"name":"Shaded","section":"Shading Mode"},"sceneLighting":true,"audioPlay":false,"sceneViewState":{"m_AlwaysRefresh":false,"showFog":true,"showSkybox":true,"showFlares":true,"showImageEffects":true,"showParticleSystems":true,"showVisualEffectGraphs":true,"m_FxEnabled":true},"in2DMode":false,"pivot":{"x":2.942021131515503,"y":0.835235595703125,"z":-7.686704635620117},"rotation":{"x":-0.6932111382484436,"y":0.003037091577425599,"z":-0.0029313156846910717,"w":-0.7207841873168945},"size":777.7178955078125,"orthographic":false}